{"name":"b90995c0-8b8d-4830-9d7f-66f30c411360","id":"/providers/Microsoft.Flow/flows/b90995c0-8b8d-4830-9d7f-66f30c411360","type":"Microsoft.Flow/flows","properties":{"apiId":"/providers/Microsoft.PowerApps/apis/shared_logicflows","displayName":"Scanner API for Tommy Puglia","definition":{"metadata":{"workflowEntityId":null,"processAdvisorMetadata":null,"flowclientsuspensionreason":"None","flowclientsuspensiontime":null,"creator":{"id":"b7e72eb6-f7e1-430b-92b2-8ee9313c15c8","type":"User","tenantId":"eca36054-49a9-4731-a42f-8400670fc022"},"provisioningMethod":"FromDefinition","failureAlertSubscription":true,"clientLastModifiedTime":"2022-07-08T13:51:44.9547694Z","flowclientsuspensionreasondetails":null},"$schema":"https://schema.management.azure.com/providers/Microsoft.Logic/schemas/2016-06-01/workflowdefinition.json#","contentVersion":"1.0.0.0","parameters":{"$connections":{"defaultValue":{},"type":"Object"},"$authentication":{"defaultValue":{},"type":"SecureObject"}},"triggers":{"Recurrence":{"recurrence":{"frequency":"Week","interval":1,"timeZone":"W. Europe Standard Time","schedule":{"weekDays":["Sunday"],"hours":["14"]}},"metadata":{"operationMetadataId":"c82dd0a5-b05d-45a3-85a8-609665b33fd0"},"type":"Recurrence"}},"actions":{"Step_1:_Get_(modified)_workspace_ID's":{"actions":{"Call_modified_endpoint":{"runAfter":{},"metadata":{"operationMetadataId":"1fadb26d-e8cc-4358-8eb9-7fc621ddceac"},"type":"Http","inputs":{"method":"GET","uri":"https://api.powerbi.com/v1.0/myorg/admin/workspaces/modified","authentication":{"type":"ActiveDirectoryOAuth","tenant":"@variables('tenant')","audience":"https://analysis.windows.net/powerbi/api","clientId":"@variables('clientId')","secret":"@variables('clientSecret')"}}},"Parse_JSON_when_succesful":{"runAfter":{"Call_modified_endpoint":["Succeeded"]},"metadata":{"operationMetadataId":"e4b92d01-d965-425e-8317-7067d500f0b0"},"type":"ParseJson","inputs":{"content":"@body('Call_modified_endpoint')","schema":{"type":"array","properties":{"body":{"type":"array","items":{"type":"object","properties":{"Id":{"type":"string"}},"required":["Id"]}}}}}},"Error_date_format":{"runAfter":{"Call_modified_endpoint":["Failed"]},"metadata":{"operationMetadataId":"004c3777-894d-49bd-b7f2-120caf303b67"},"type":"ParseJson","inputs":{"content":"@body('Call_modified_endpoint')","schema":{"type":"object","properties":{"error":{"type":"object","properties":{"code":{"type":"string"},"message":{"type":"string"},"details":{"type":"array","items":{"type":"object","properties":{"message":{"type":"string"},"target":{"type":"string"}},"required":["message","target"]}}}}}}}},"Terminate_due_to_data_formatting_issue_or_more_than_30_days_in_past":{"runAfter":{"Error_date_format":["Succeeded"]},"metadata":{"operationMetadataId":"7e1d4888-ed13-4a0a-8367-88f3e4e4f5fa"},"type":"Terminate","inputs":{"runStatus":"Failed","runError":{"code":"400","message":"Failed due to data formatting issue or >30 days in past"}}}},"runAfter":{"Initialize_array_ResponseArray_-_DO_NOT_EDIT":["Succeeded"]},"metadata":{"operationMetadataId":"3acc7034-0657-4304-8867-2f5e2efde90b"},"type":"Scope"},"Step_2:_Request_workspace_details_in_batches_of_100":{"actions":{"Condition":{"actions":{"Determine_amount_of_batches_of_100_and_write_to_variable_batchCount":{"runAfter":{},"metadata":{"operationMetadataId":"a79fc4e5-1ae9-426f-862e-553ddca5ccdf"},"type":"SetVariable","inputs":{"name":"batchCount","value":"@add(int(first(split(string(div(length(body('Parse_JSON_when_succesful')), 100)),'.'))),1) "}},"Do_until_requestCount_equals_batchCount":{"actions":{"Call_getInfo_endpoint":{"runAfter":{"Append_third_part_to_string_variable_workspaceArrayAsAsString":["Succeeded"]},"metadata":{"operationMetadataId":"afa00c81-d184-4258-80d1-d1c60f3e9d30"},"type":"Http","inputs":{"method":"POST","uri":"https://api.powerbi.com/v1.0/myorg/admin/workspaces/getInfo?lineage=True&datasourceDetails=True&datasetSchema=true&datasetExpressions=true&getArtifactUsers=true","headers":{"Content-Type":"application/json"},"body":"@variables('workspaceArrayAsString')","authentication":{"type":"ActiveDirectoryOAuth","tenant":"@variables('tenant')","audience":"https://analysis.windows.net/powerbi/api","clientId":"@variables('clientId')","secret":"@variables('clientSecret')"}}},"Set_variable_workspaceArray_with_100_workspace_Id's":{"runAfter":{},"metadata":{"operationMetadataId":"8cec3020-7c14-46c1-9d6e-68deba56f9c7"},"type":"SetVariable","inputs":{"name":"workspaceArray","value":"@take(skip(body('Parse_JSON_when_succesful'), mul(variables('requestCount'), 100)), 100)"}},"Increment_variable_RequestCount_+1":{"runAfter":{"Call_getInfo_endpoint":["Succeeded"]},"metadata":{"operationMetadataId":"56c97af9-4684-481f-9a63-e3702ba93921"},"type":"IncrementVariable","inputs":{"name":"requestCount","value":1}},"Set_first_part_of_variable_workspaceArrayAsString":{"runAfter":{"Set_variable_workspaceArray_with_100_workspace_Id's":["Succeeded"]},"metadata":{"operationMetadataId":"3fd24a71-29a7-4a5a-b481-5cff0d240f99"},"type":"SetVariable","inputs":{"name":"workspaceArrayAsString","value":"{\"workspaces\": "}},"Append_dynamic_workspace_List_to_string_variable_workspaceArrayAsAsString":{"runAfter":{"Set_first_part_of_variable_workspaceArrayAsString":["Succeeded"]},"metadata":{"operationMetadataId":"355d03e0-e857-483b-8467-7b567ed01644"},"type":"AppendToStringVariable","inputs":{"name":"workspaceArrayAsString","value":"@replace(replace(replace(string(variables('workspaceArray')),'\"id\":', ''),'{',''),'}','')"}},"Append_third_part_to_string_variable_workspaceArrayAsAsString":{"runAfter":{"Append_dynamic_workspace_List_to_string_variable_workspaceArrayAsAsString":["Succeeded"]},"metadata":{"operationMetadataId":"77e0ab66-ac75-485f-985b-5ddd497945bc"},"type":"AppendToStringVariable","inputs":{"name":"workspaceArrayAsString","value":"}"}},"Append_getInfo_status_response_to_array_variable_requestStatus":{"runAfter":{"Increment_variable_RequestCount_+1":["Succeeded"]},"metadata":{"operationMetadataId":"ce439184-81fe-4a8f-892a-0498adf3c193"},"type":"AppendToArrayVariable","inputs":{"name":"requestStatusArray","value":"@body('Call_getInfo_endpoint')"}}},"runAfter":{"Determine_amount_of_batches_of_100_and_write_to_variable_batchCount":["Succeeded"]},"expression":"@equals(variables('requestCount'), variables('batchCount'))","limit":{"count":999,"timeout":"PT1H"},"metadata":{"operationMetadataId":"75344754-d35f-4d65-bfb8-e4dc3e10f5d8"},"type":"Until"}},"runAfter":{},"else":{"actions":{"Terminate_due_to_no_changed_workspaces":{"runAfter":{},"metadata":{"operationMetadataId":"ca43229d-2ba7-49c3-b3b4-4b606b34f443"},"type":"Terminate","inputs":{"runStatus":"Succeeded"}}}},"expression":{"greater":["@length(body('Call_modified_endpoint'))",0]},"metadata":{"operationMetadataId":"e89abb2c-33a5-412b-a034-3e4f1ff98e01"},"type":"If"}},"runAfter":{"Step_1:_Get_(modified)_workspace_ID's":["Succeeded"]},"metadata":{"operationMetadataId":"5f3be395-5e2d-42c3-aad6-ac1c30a036c2"},"type":"Scope"},"Step_3:_Retrieve_data":{"actions":{"Apply_to_each_batch_of_100_workspaces":{"foreach":"@variables('requestStatusArray')","actions":{"Compose_workspace_id_from_response":{"runAfter":{},"metadata":{"operationMetadataId":"516958a4-4b17-491e-bc07-a0baa34ce61d"},"type":"Compose","inputs":"@items('Apply_to_each_batch_of_100_workspaces')?['Id']"},"Do_until_scan_result_is_ready_to_be_retreived":{"actions":{"Call_scanStatus_endpoint":{"runAfter":{},"metadata":{"operationMetadataId":"5a42ccbe-cfe5-41ad-ba06-a89e443cfec8"},"type":"Http","inputs":{"method":"GET","uri":"https://api.powerbi.com/v1.0/myorg/admin/workspaces/scanStatus/@{outputs('Compose_workspace_id_from_response')}","authentication":{"type":"ActiveDirectoryOAuth","tenant":"@variables('tenant')","audience":"https://analysis.windows.net/powerbi/api","clientId":"@variables('clientId')","secret":"@variables('clientSecret')"}}},"Set_variable_requestStatus":{"runAfter":{"Call_scanStatus_endpoint":["Succeeded"]},"metadata":{"operationMetadataId":"e024744a-dae3-4616-80ad-d12acdfe93d4"},"type":"SetVariable","inputs":{"name":"requestStatus","value":"@{body('Call_scanStatus_endpoint')?['Status']}"}},"Delay_if_not_ready":{"actions":{"Delay_5_seconds":{"runAfter":{},"metadata":{"operationMetadataId":"e4163f18-995e-49da-a824-f147d8880f69"},"type":"Wait","inputs":{"interval":{"count":5,"unit":"Second"}}}},"runAfter":{"Set_variable_requestStatus":["Succeeded"]},"expression":{"not":{"equals":["@variables('requestStatus')","Succeeded"]}},"metadata":{"operationMetadataId":"b443b88c-c88f-4837-b65d-748ea101faea"},"type":"If"}},"runAfter":{"Compose_workspace_id_from_response":["Succeeded"]},"expression":"@equals(variables('requestStatus'), 'Succeeded')","limit":{"count":60,"timeout":"PT1H"},"metadata":{"operationMetadataId":"73c1d255-e9ab-4c5c-88d3-c95b3c0ff282"},"type":"Until"},"Call_scanResult_endpoint":{"runAfter":{"Do_until_scan_result_is_ready_to_be_retreived":["Succeeded"]},"metadata":{"operationMetadataId":"a56ca8bb-4e8c-409c-b13f-a4924f4774b8"},"type":"Http","inputs":{"method":"GET","uri":"https://api.powerbi.com/v1.0/myorg/admin/workspaces/scanResult/@{outputs('Compose_workspace_id_from_response')}","authentication":{"type":"ActiveDirectoryOAuth","tenant":"@variables('tenant')","audience":"https://analysis.windows.net/powerbi/api","clientId":"@variables('clientId')","secret":"@variables('clientSecret')"}}},"Create_file":{"runAfter":{"Call_scanResult_endpoint":["Succeeded"]},"metadata":{"operationMetadataId":"f5430c62-2e13-4e93-95c3-4b61a52a6ef9"},"type":"OpenApiConnection","inputs":{"host":{"apiId":"/providers/Microsoft.PowerApps/apis/shared_sharepointonline","connectionName":"shared_sharepointonline","operationId":"CreateFile"},"parameters":{"dataset":"@variables('SharePointLibrary')","folderPath":"@concat(variables('folderLocation'),formatDateTime(utcNow(),'yyyyMMdd'))","name":"PowerBImetadata@{formatDateTime(utcNow(),'yyyyMMdd')}_batch_@{guid()}.json","body":"@body('Call_scanResult_endpoint')"},"authentication":"@parameters('$authentication')"},"runtimeConfiguration":{"contentTransfer":{"transferMode":"Chunked"}}}},"runAfter":{"Create_new_folder":["Succeeded"]},"metadata":{"operationMetadataId":"31f38347-a145-4e82-a750-516a124d6702"},"type":"Foreach"},"Create_new_folder":{"runAfter":{},"metadata":{"operationMetadataId":"a64f1c56-d676-4f57-847c-4c213af9781e"},"type":"OpenApiConnection","inputs":{"host":{"apiId":"/providers/Microsoft.PowerApps/apis/shared_sharepointonline","connectionName":"shared_sharepointonline","operationId":"CreateNewFolder"},"parameters":{"dataset":"https://tenant.sharepoint.com/sites/site,"table":"4400b45b-eea5-4e16-ab92-27c68c4da4f2","parameters/path":"/General/Monitoring/@{formatDateTime(utcNow(),'yyyyMMdd')}"},"authentication":"@parameters('$authentication')"}}},"runAfter":{"Step_2:_Request_workspace_details_in_batches_of_100":["Succeeded"]},"metadata":{"operationMetadataId":"6c2187c9-e30c-4465-b1b7-6dfa9b4bd6bb"},"type":"Scope"},"Step_4:_Refresh_dataset_in_Power_BI":{"actions":{"Refresh_a_dataset":{"runAfter":{},"metadata":{"operationMetadataId":"0e414a48-4a20-4d15-bc09-1ca8f772e107"},"type":"OpenApiConnection","inputs":{"host":{"apiId":"/providers/Microsoft.PowerApps/apis/shared_powerbi","connectionName":"shared_powerbi","operationId":"RefreshDataset"},"parameters":{"groupid":"@variables('workspaceId')","datasetid":"@variables('datasetId')"},"authentication":"@parameters('$authentication')"}}},"runAfter":{"Step_3:_Retrieve_data":["Succeeded"]},"metadata":{"operationMetadataId":"a44d439c-c25b-4264-a5f1-fe5be189c3cd"},"type":"Scope"},"Initialize_array_workspaceArray_-_DO_NOT_EDIT":{"runAfter":{"Initialize_integer_requestCount_-_DO_NOT_EDIT":["Succeeded"]},"metadata":{"operationMetadataId":"972bba75-d339-41c7-91a8-330d473bde84"},"type":"InitializeVariable","inputs":{"variables":[{"name":"workspaceArray","type":"array"}]}},"Initialize_array_workspaceArrayAsString_-_DO_NOT_EDIT":{"runAfter":{"Initialize_array_workspaceArray_-_DO_NOT_EDIT":["Succeeded"]},"metadata":{"operationMetadataId":"f697a257-2d38-477e-b59d-261542032ac1"},"type":"InitializeVariable","inputs":{"variables":[{"name":"workspaceArrayAsString","type":"string"}]}},"Initialize_integer_batchCount_-_DO_NOT_EDIT":{"runAfter":{"Initialize_variable_datasetId_-_EDIT_THIS":["Succeeded"]},"metadata":{"operationMetadataId":"2edaab78-46a0-4d93-b08e-a0a22ca5d047"},"type":"InitializeVariable","inputs":{"variables":[{"name":"batchCount","type":"integer"}]}},"Initialize_integer_requestCount_-_DO_NOT_EDIT":{"runAfter":{"Initialize_integer_batchCount_-_DO_NOT_EDIT":["Succeeded"]},"metadata":{"operationMetadataId":"e4e10d0e-4b09-4a41-a3b9-d6ec101f6cd5"},"type":"InitializeVariable","inputs":{"variables":[{"name":"requestCount","type":"integer","value":0}]}},"Initialize_array_requestStatusArray_-_DO_NOT_EDIT":{"runAfter":{"Initialize_array_workspaceArrayAsString_-_DO_NOT_EDIT":["Succeeded"]},"metadata":{"operationMetadataId":"39ae67a5-d39a-4575-9850-cef027fdea9e"},"type":"InitializeVariable","inputs":{"variables":[{"name":"requestStatusArray","type":"array"}]}},"Initialize_string_requestStatus_-_DO_NOT_EDIT":{"runAfter":{"Initialize_array_requestStatusArray_-_DO_NOT_EDIT":["Succeeded"]},"metadata":{"operationMetadataId":"6873125b-2696-494d-b1e0-f462f49c78b2"},"type":"InitializeVariable","inputs":{"variables":[{"name":"requestStatus","type":"string"}]}},"Initialize_array_ResponseArray_-_DO_NOT_EDIT":{"runAfter":{"Initialize_string_requestStatus_-_DO_NOT_EDIT":["Succeeded"]},"metadata":{"operationMetadataId":"54185467-b7d2-456f-ab3c-8c2cf4888e11"},"type":"InitializeVariable","inputs":{"variables":[{"name":"responseArray","type":"array"}]}},"Initialize_string_clientId_-_EDIT_THIS":{"runAfter":{"Initialize_string_tenant_-_EDIT_THIS":["Succeeded"]},"metadata":{"operationMetadataId":"440661e3-3597-47d1-a0b1-f2b173e75663"},"type":"InitializeVariable","inputs":{"variables":[{"name":"clientId","type":"string"}]}},"Initialize_string_clientSecret_-_EDIT_THIS":{"runAfter":{"Initialize_string_clientId_-_EDIT_THIS":["Succeeded"]},"metadata":{"operationMetadataId":"4e278b49-eadb-4096-bc40-a1fcb44c5a7c"},"type":"InitializeVariable","inputs":{"variables":[{"name":"clientSecret","type":"string"}]}},"Initialize_string_tenant_-_EDIT_THIS":{"runAfter":{},"metadata":{"operationMetadataId":"eeaf5af7-e380-47b2-b8e8-93e58e7ad2bc"},"type":"InitializeVariable","inputs":{"variables":[{"name":"tenant","type":"string"}]}},"Initialize_variable_workspaceId_-_EDIT_THIS":{"runAfter":{"Initialize_variable_folderLocation_-_EDIT_THIS":["Succeeded"]},"metadata":{"operationMetadataId":"c2fcaf77-81a8-4db8-b203-6910c8d07c0d"},"type":"InitializeVariable","inputs":{"variables":[{"name":"workspaceId","type":"string"}]}},"Initialize_variable_datasetId_-_EDIT_THIS":{"runAfter":{"Initialize_variable_workspaceId_-_EDIT_THIS":["Succeeded"]},"metadata":{"operationMetadataId":"cdbcb09e-1ce1-4f4a-a7ae-1bcc1254b80d"},"type":"InitializeVariable","inputs":{"variables":[{"name":"datasetId","type":"string"}]}},"Initialize_variable_SharePointLibrary_-_EDIT_THIS":{"runAfter":{"Initialize_string_clientSecret_-_EDIT_THIS":["Succeeded"]},"metadata":{"operationMetadataId":"0dbe410b-faf8-4167-9592-d0ebe9bdebbf"},"type":"InitializeVariable","inputs":{"variables":[{"name":"SharePointLibrary","type":"string"}]},"description":"Value: https://tenant.sharepoint.com/sites/sitename"},"Initialize_variable_folderLocation_-_EDIT_THIS":{"runAfter":{"Initialize_variable_SharePointLibrary_-_EDIT_THIS":["Succeeded"]},"metadata":{"operationMetadataId":"fd9d3fbf-cac9-42ef-886f-08738da6964e"},"type":"InitializeVariable","inputs":{"variables":[{"name":"folderLocation","type":"string"}]},"description":"Value: /Shared Documents/General/Monitoring/"}},"description":"This flow uses the newly released Asynchronous Unified Scanning APIs in Power BI to consume all workspace related information quickly."},"connectionReferences":{"shared_sharepointonline":{"connectionName":"75419d1cb8f19e1e72864cc61562b8c2","source":"Embedded","id":"/providers/Microsoft.PowerApps/apis/shared_sharepointonline","tier":"NotSpecified"},"shared_powerbi":{"connectionName":"shared-powerbi-15fd019c-1684-4384-8a3e-99fb18f76dff","source":"Embedded","id":"/providers/Microsoft.PowerApps/apis/shared_powerbi","tier":"NotSpecified"}},"flowFailureAlertSubscribed":false,"isManaged":false}}