{"name":"6f7d7b9c-135d-46f9-ab3d-34fd9baa985a","id":"/providers/Microsoft.Flow/flows/6f7d7b9c-135d-46f9-ab3d-34fd9baa985a","type":"Microsoft.Flow/flows","properties":{"apiId":"/providers/Microsoft.PowerApps/apis/shared_logicflows","displayName":"Scheduled Power BI Monitoring","definition":{"metadata":{"workflowEntityId":null,"flowclientsuspensionreason":"None","flowclientsuspensiontime":null,"creator":{"id":"","type":"User","tenantId":""},"provisioningMethod":"FromDefinition","failureAlertSubscription":true,"clientLastModifiedTime":"2020-12-29T15:00:51.8798655Z"},"$schema":"https://schema.management.azure.com/providers/Microsoft.Logic/schemas/2016-06-01/workflowdefinition.json#","contentVersion":"1.0.0.0","parameters":{"$authentication":{"defaultValue":{},"type":"SecureObject"}},"triggers":{"Recurrence":{"recurrence":{"frequency":"Month","interval":1,"startTime":"2020-12-29T09:00:00.000Z"},"type":"Recurrence"}},"actions":{"HTTP_call_other_flow_with_all_Power_BI_API_logic":{"runAfter":{"Initialize_string_modifiedSince":["Succeeded"]},"type":"Http","inputs":{"method":"GET","uri":"@{variables('URI-first-part')}@{variables('modifiedSince')}@{variables('URI-last-part')}"}},"Initialize_string_URI-first-part":{"runAfter":{},"type":"InitializeVariable","inputs":{"variables":[{"name":"URI-first-part","type":"string","value":"https://prod-35.westeurope.logic.azure.com/workflows/a9839fd57f24d64a9839fd57f9fd57fa96/triggers/manual/paths/invoke/modifiedSince/"}]}},"Initialize_string_modifiedSince":{"runAfter":{"Initialize_string_URI-last-part":["Succeeded"]},"type":"InitializeVariable","inputs":{"variables":[{"name":"modifiedSince","type":"string","value":"all"}]},"description":"\"all\" for everything, or \"2020-12-29T13:02:38.3525654Z\" for changes (max 30 days in past)"},"Initialize_string_URI-last-part":{"runAfter":{"Initialize_string_URI-first-part":["Succeeded"]},"type":"InitializeVariable","inputs":{"variables":[{"name":"URI-last-part","type":"string","value":"?api-version=2016-06-01&sp=%2Ftriggers%2Fmanual%2Frun&sv=1.0&sig=eSODgnAPD47zeSODgnAFvpM8bNM4QUeSODgnAeSODgnA"}]}}}},"connectionReferences":{},"flowFailureAlertSubscribed":false}}